Company,Ticker
3M India Ltd.,3MINDIA.NS
ABB India Ltd.,ABB.NS
ACC Ltd.,ACC.NS
AIA Engineering Ltd.,AIAENG.NS
APL Apollo Tubes Ltd.,APLAPOLLO.NS
AU Small Finance Bank Ltd.,AUBANK.NS
Aavas Financiers Ltd.,AAVAS.NS
Adani Green Energy Ltd.,ADANIGREEN.NS
Adani Ports and Special Economic Zone Ltd.,ADANIPORTS.NS
Adani Power Ltd.,ADANIPOWER.NS
Adani Transmission Ltd.,ADANITRANS.NS
Aditya Birla Capital Ltd.,ABCAPITAL.NS
Aditya Birla Fashion and Retail Ltd.,ABFRL.NS
Advanced Enzyme Tech Ltd.,ADVENZYMES.NS
Aegis Logistics Ltd.,AEGISCHEM.NS
Ajanta Pharmaceuticals Ltd.,AJANTPHARM.NS
Akzo Nobel India Ltd.,AKZOINDIA.NS
Alembic Pharmaceuticals Ltd.,APLLTD.NS
Alkem Laboratories Ltd.,ALKEM.NS
Allahabad Bank,ALBK.NS
Allcargo Logistics Ltd.,ALLCARGO.NS
Amara Raja Batteries Ltd.,AMARAJABAT.NS
Ambuja Cements Ltd.,AMBUJACEM.NS
Andhra Bank,ANDHRABANK.NS
Apollo Hospitals Enterprise Ltd.,APOLLOHOSP.NS
Apollo Tyres Ltd.,APOLLOTYRE.NS
Ashok Leyland Ltd.,ASHOKLEY.NS
Ashoka Buildcon Ltd.,ASHOKA.NS
Asian Paints Ltd.,ASIANPAINT.NS
Aster DM Healthcare Ltd.,ASTERDM.NS
AstraZenca Pharma India Ltd.,ASTRAZEN.NS
Astral Poly Technik Ltd.,ASTRAL.NS
Atul Ltd.,ATUL.NS
Aurobindo Pharma Ltd.,AUROPHARMA.NS
Avanti Feeds Ltd.,AVANTIFEED.NS
Avenue Supermarts Ltd.,DMART.NS
Axis Bank Ltd.,AXISBANK.NS
BASF India Ltd.,BASF.NS
BEML Ltd.,BEML.NS
BSE Ltd.,BSE.NS
Bajaj Auto Ltd.,BAJAJ-AUTO.NS
Bajaj Consumer Care Ltd.,BAJAJCON.NS
Bajaj Electricals Ltd,BAJAJELEC.NS
Bajaj Finance Ltd.,BAJFINANCE.NS
Bajaj Finserv Ltd.,BAJAJFINSV.NS
Bajaj Holdings & Investment Ltd.,BAJAJHLDNG.NS
Balkrishna Industries Ltd.,BALKRISIND.NS
Balmer Lawrie & Co. Ltd.,BALMLAWRIE.NS
Balrampur Chini Mills Ltd.,BALRAMCHIN.NS
Bandhan Bank Ltd.,BANDHANBNK.NS
Bank of Baroda,BANKBARODA.NS
Bank of India,BANKINDIA.NS
Bank of Maharashtra.,MAHABANK.NS
Bata India Ltd.,BATAINDIA.NS
Berger Paints India Ltd.,BERGEPAINT.NS
Bharat Dynamics Ltd.,BDL.NS
Bharat Electronics Ltd.,BEL.NS
Bharat Forge Ltd.,BHARATFORG.NS
Bharat Heavy Electricals Ltd.,BHEL.NS
Bharat Petroleum Corporation Ltd.,BPCL.NS
Bharti Airtel Ltd.,BHARTIARTL.NS
Bharti Infratel Ltd.,INFRATEL.NS
Biocon Ltd.,BIOCON.NS
Birla Corporation Ltd.,BIRLACORPN.NS
Bliss GVS Pharma Ltd.,BLISSGVS.NS
Blue Dart Express Ltd.,BLUEDART.NS
Blue Star Ltd.,BLUESTARCO.NS
Bombay Burmah Trading Corporation Ltd.,BBTC.NS
Bombay Dyeing & Manufacturing Co. Ltd.,BOMDYEING.NS
Bosch Ltd.,BOSCHLTD.NS
Brigade Enterprises Ltd.,BRIGADE.NS
Britannia Industries Ltd.,BRITANNIA.NS
CARE Ratings Ltd.,CARERATING.NS
CCL Products (I) Ltd.,CCL.NS
CESC Ltd.,CESC.NS
CG Power and Industrial Solutions Ltd.,CGPOWER.NS
CRISIL Ltd.,CRISIL.NS
Cadila Healthcare Ltd.,CADILAHC.NS
Can Fin Homes Ltd.,CANFINHOME.NS
Canara Bank,CANBK.NS
Caplin Point Laboratories Ltd.,CAPLIPOINT.NS
Carborundum Universal Ltd.,CARBORUNIV.NS
Castrol India Ltd.,CASTROLIND.NS
Ceat Ltd.,CEATLTD.NS
Central Bank of India,CENTRALBK.NS
Central Depository Services (India) Ltd.,CDSL.NS
Century Plyboards (India) Ltd.,CENTURYPLY.NS
Cera Sanitaryware Ltd,CERA.NS
Chambal Fertilizers & Chemicals Ltd.,CHAMBLFERT.NS
Chennai Petroleum Corporation Ltd.,CHENNPETRO.NS
Cholamandalam Financial Holdings Ltd.,CHOLAHLDNG.NS
Cholamandalam Investment and Finance Company Ltd.,CHOLAFIN.NS
Cipla Ltd.,CIPLA.NS
City Union Bank Ltd.,CUB.NS
Coal India Ltd.,COALINDIA.NS
Cochin Shipyard Ltd.,COCHINSHIP.NS
Coffee Day Enterprises Ltd.,COFFEEDAY.NS
Colgate Palmolive (India) Ltd.,COLPAL.NS
Container Corporation of India Ltd.,CONCOR.NS
Coromandel International Ltd.,COROMANDEL.NS
Corporation Bank,CORPBANK.NS
Cox & Kings Ltd.,COX&KINGS.NS
CreditAccess Grameen Ltd.,CREDITACC.NS
Crompton Greaves Consumer Electricals Ltd.,CROMPTON.NS
Cummins India Ltd.,CUMMINSIND.NS
Cyient Ltd.,CYIENT.NS
D.B.Corp Ltd.,DBCORP.NS
DCB Bank Ltd.,DCBBANK.NS
DCM Shriram Ltd.,DCMSHRIRAM.NS
DLF Ltd.,DLF.NS
Dabur India Ltd.,DABUR.NS
Deepak Fertilisers & Petrochemicals Corp. Ltd.,DEEPAKFERT.NS
Deepak Nitrite Ltd.,DEEPAKNTR.NS
Delta Corp Ltd.,DELTACORP.NS
Dewan Housing Finance Corporation Ltd.,DHFL.NS
Dilip Buildcon Ltd.,DBL.NS
Dish TV India Ltd.,DISHTV.NS
Dishman Carbogen Amcis Ltd.,DCAL.NS
Divi's Laboratories Ltd.,DIVISLAB.NS
Dixon Technologies (India) Ltd.,DIXON.NS
Dr. Lal Path Labs Ltd.,LALPATHLAB.NS
Dr. Reddy's Laboratories Ltd.,DRREDDY.NS
E.I.D. Parry (India) Ltd.,EIDPARRY.NS
EIH Ltd.,EIHOTEL.NS
Edelweiss Financial Services Ltd.,EDELWEISS.NS
Eicher Motors Ltd.,EICHERMOT.NS
Elgi Equipments Ltd.,ELGIEQUIP.NS
Emami Ltd.,EMAMILTD.NS
Endurance Technologies Ltd.,ENDURANCE.NS
Engineers India Ltd.,ENGINERSIN.NS
Equitas Holdings Ltd.,EQUITAS.NS
Eris Lifesciences Ltd.,ERIS.NS
Escorts Ltd.,ESCORTS.NS
Essel Propack Ltd.,ESSELPACK.NS
Exide Industries Ltd.,EXIDEIND.NS
FDC Ltd.,FDC.NS
Federal Bank Ltd.,FEDERALBNK.NS
Fine Organic Industries Ltd.,FINEORG.NS
Finolex Cables Ltd.,FINCABLES.NS
Finolex Industries Ltd.,FINPIPE.NS
Firstsource Solutions Ltd.,FSL.NS
Fortis Healthcare Ltd.,FORTIS.NS
Future Consumer Ltd.,FCONSUMER.NS
Future Lifestyle Fashions Ltd.,FLFL.NS
Future Retail Ltd.,FRETAIL.NS
GAIL (India) Ltd.,GAIL.NS
GE Power India Ltd.,GEPIL.NS
GE T&D India Ltd.,GET&D.NS
GHCL Ltd.,GHCL.NS
GMR Infrastructure Ltd.,GMRINFRA.NS
Galaxy Surfactants Ltd.,GALAXYSURF.NS
Gateway Distriparks Ltd.,GDL.NS
Gayatri Projects Ltd.,GAYAPROJ.NS
General Insurance Corporation of India,GICRE.NS
Gillette India Ltd.,GILLETTE.NS
GlaxoSmithkline Consumer Healthcare Ltd.,GSKCONS.NS
Glaxosmithkline Pharmaceuticals Ltd.,GLAXO.NS
Glenmark Pharmaceuticals Ltd.,GLENMARK.NS
Godfrey Phillips India Ltd.,GODFRYPHLP.NS
Godrej Agrovet Ltd.,GODREJAGRO.NS
Godrej Consumer Products Ltd.,GODREJCP.NS
Godrej Industries Ltd.,GODREJIND.NS
Godrej Properties Ltd.,GODREJPROP.NS
Granules India Ltd.,GRANULES.NS
Graphite India Ltd.,GRAPHITE.NS
Grasim Industries Ltd.,GRASIM.NS
Great Eastern Shipping Co. Ltd.,GESHIP.NS
Greaves Cotton Ltd.,GREAVESCOT.NS
Grindwell Norton Ltd.,GRINDWELL.NS
Gruh Finance Ltd.,GRUH.NS
Gujarat Alkalies & Chemicals Ltd.,GUJALKALI.NS
Gujarat Fluorochemicals Ltd.,GUJFLUORO.NS
Gujarat Gas Ltd.,GUJGASLTD.NS
Gujarat Mineral Development Corporation Ltd.,GMDCLTD.NS
Gujarat Narmada Valley Fertilizers and Chemicals Ltd.,GNFC.NS
Gujarat Pipavav Port Ltd.,GPPL.NS
Gujarat State Fertilizers & Chemicals Ltd.,GSFC.NS
Gujarat State Petronet Ltd.,GSPL.NS
Gulf Oil Lubricants India Ltd.,GULFOILLUB.NS
H.E.G. Ltd.,HEG.NS
HCL Technologies Ltd.,HCLTECH.NS
HDFC Asset Management Company Ltd.,HDFCAMC.NS
HDFC Bank Ltd.,HDFCBANK.NS
HDFC Life Insurance Company Ltd.,HDFCLIFE.NS
Hathway Cable & Datacom Ltd.,HATHWAY.NS
Hatsun Agro Product Ltd.,HATSUN.NS
Havells India Ltd.,HAVELLS.NS
HeidelbergCement India Ltd.,HEIDELBERG.NS
Heritage Foods Ltd.,HERITGFOOD.NS
Hero MotoCorp Ltd.,HEROMOTOCO.NS
Hexaware Technologies Ltd.,HEXAWARE.NS
Himachal Fut Com Ltd.,HFCL.NS
Himadri Speciality Chemical Ltd.,HSCL.NS
Himatsingka Seide Ltd.,HIMATSEIDE.NS
Hindalco Industries Ltd.,HINDALCO.NS
Hindustan Aeronautics Ltd.,HAL.NS
Hindustan Copper Ltd.,HINDCOPPER.NS
Hindustan Petroleum Corporation Ltd.,HINDPETRO.NS
Hindustan Unilever Ltd.,HINDUNILVR.NS
Hindustan Zinc Ltd.,HINDZINC.NS
Honeywell Automation India Ltd.,HONAUT.NS
Housing & Urban Development Corporation Ltd.,HUDCO.NS
Housing Development Finance Corporation Ltd.,HDFC.NS
ICICI Bank Ltd.,ICICIBANK.NS
ICICI Lombard General Insurance Company Ltd.,ICICIGI.NS
ICICI Prudential Life Insurance Company Ltd.,ICICIPRULI.NS
ICICI Securities Ltd.,ISEC.NS
ICRA Ltd.,ICRA.NS
IDBI Bank Ltd.,IDBI.NS
IDFC First Bank Ltd.,IDFCFIRSTB.NS
IDFC Ltd.,IDFC.NS
IFB Industries Ltd.,IFBIND.NS
IFCI Ltd.,IFCI.NS
IRB Infrastructure Developers Ltd.,IRB.NS
IRCON International Ltd.,IRCON.NS
ITC Ltd.,ITC.NS
ITD Cementation India Ltd.,ITDCEM.NS
ITI Ltd.,ITI.NS
India Cements Ltd.,INDIACEM.NS
India Tourism Development Corporation Ltd.,ITDC.NS
Indiabulls Housing Finance Ltd.,IBULHSGFIN.NS
Indiabulls Integrated Services Ltd.,IBULISL.NS
Indiabulls Real Estate Ltd.,IBREALEST.NS
Indiabulls Ventures Ltd.,IBVENTURES.NS
Indian Bank,INDIANB.NS
Indian Energy Exchange Ltd.,IEX.NS
Indian Hotels Co. Ltd.,INDHOTEL.NS
Indian Oil Corporation Ltd.,IOC.NS
Indian Overseas Bank ,IOB.NS
IndoStar Capital Finance Ltd.,INDOSTAR.NS
Indoco Remedies Ltd.,INDOCO.NS
Indraprastha Gas Ltd.,IGL.NS
IndusInd Bank Ltd.,INDUSINDBK.NS
Infibeam Avenues Ltd.,INFIBEAM.NS
Info Edge (India) Ltd.,NAUKRI.NS
Infosys Ltd.,INFY.NS
Inox Leisure Ltd.,INOXLEISUR.NS
Inox Wind Ltd.,INOXWIND.NS
Intellect Design Arena Ltd.,INTELLECT.NS
InterGlobe Aviation Ltd.,INDIGO.NS
Ipca Laboratories Ltd.,IPCALAB.NS
J.B. Chemicals & Pharmaceuticals Ltd.,JBCHEPHARM.NS
J.K. Cement Ltd.,JKCEMENT.NS
JK Lakshmi Cement Ltd.,JKLAKSHMI.NS
JK Paper Ltd.,JKPAPER.NS
JK Tyre & Industries Ltd.,JKTYRE.NS
JM Financial Ltd.,JMFINANCIL.NS
JSW Energy Ltd.,JSWENERGY.NS
JSW Steel Ltd.,JSWSTEEL.NS
Jagran Prakashan Ltd.,JAGRAN.NS
Jai Corp Ltd.,JAICORPLTD.NS
Jain Irrigation Systems Ltd.,JISLJALEQS.NS
Jaiprakash Associates Ltd.,JPASSOCIAT.NS
Jammu & Kashmir Bank Ltd.,J&KBANK.NS
Jamna Auto Industries Ltd.,JAMNAAUTO.NS
Jet Airways (India) Ltd.,JETAIRWAYS.NS
Jindal Saw Ltd.,JINDALSAW.NS
Jindal Stainless (Hisar) Ltd.,JSLHISAR.NS
Jindal Stainless Ltd.,JSL.NS
Jindal Steel & Power Ltd.,JINDALSTEL.NS
Jubilant Foodworks Ltd.,JUBLFOOD.NS
Jubilant Life Sciences Ltd.,JUBILANT.NS
Justdial Ltd.,JUSTDIAL.NS
Jyothy Laboratories Ltd.,JYOTHYLAB.NS
K.P.R. Mill Ltd.,KPRMILL.NS
KEI Industries Ltd.,KEI.NS
KIOCL Ltd.,KIOCL.NS
KNR Constructions Ltd.,KNRCON.NS
KRBL Ltd.,KRBL.NS
Kajaria Ceramics Ltd.,KAJARIACER.NS
Kalpataru Power Transmission Ltd.,KALPATPOWR.NS
Kansai Nerolac Paints Ltd.,KANSAINER.NS
Karnataka Bank Ltd.,KTKBANK.NS
Karur Vysya Bank Ltd.,KARURVYSYA.NS
Kaveri Seed Company Ltd.,KSCL.NS
Kec International Ltd.,KEC.NS
Kirloskar Oil Eng Ltd.,KIRLOSENG.NS
Kolte-Patil Developers Ltd.,KOLTEPATIL.NS
Kotak Mahindra Bank Ltd.,KOTAKBANK.NS
L&T Finance Holdings Ltd.,L&TFH.NS
L&T Technology Services Ltd.,LTTS.NS
LIC Housing Finance Ltd.,LICHSGFIN.NS
Lakshmi Machine Works Ltd.,LAXMIMACH.NS
Lakshmi Vilas Bank Ltd.,LAKSHVILAS.NS
Larsen & Toubro Infotech Ltd.,LTI.NS
Larsen & Toubro Ltd.,LT.NS
Laurus Labs Ltd.,LAURUSLABS.NS
Lemon Tree Hotels Ltd.,LEMONTREE.NS
Linde India Ltd.,LINDEINDIA.NS
Lupin Ltd.,LUPIN.NS
Lux Industries Ltd.,LUXIND.NS
MAS Financial Services Ltd.,MASFIN.NS
MMTC Ltd.,MMTC.NS
MOIL Ltd.,MOIL.NS
MRF Ltd.,MRF.NS
Magma Fincorp Ltd.,MAGMA.NS
Mahanagar Gas Ltd.,MGL.NS
Maharashtra Scooters Ltd.,MAHSCOOTER.NS
Maharashtra Seamless Ltd.,MAHSEAMLES.NS
Mahindra & Mahindra Financial Services Ltd.,M&MFIN.NS
Mahindra & Mahindra Ltd.,M&M.NS
Mahindra CIE Automotive Ltd.,MAHINDCIE.NS
Mahindra Holidays & Resorts India Ltd.,MHRIL.NS
Mahindra Logistics Ltd.,MAHLOG.NS
Manappuram Finance Ltd.,MANAPPURAM.NS
Mangalore Refinery & Petrochemicals Ltd.,MRPL.NS
Marico Ltd.,MARICO.NS
Maruti Suzuki India Ltd.,MARUTI.NS
Max Financial Services Ltd.,MFSL.NS
Max India Ltd.,MAXINDIA.NS
MindTree Ltd.,MINDTREE.NS
Minda Corporation Ltd.,MINDACORP.NS
Minda Industries Ltd.,MINDAIND.NS
Monsanto India Ltd.,MONSANTO.NS
Motherson Sumi Systems Ltd.,MOTHERSUMI.NS
Motilal Oswal Financial Services Ltd.,MOTILALOFS.NS
MphasiS Ltd.,MPHASIS.NS
Muthoot Finance Ltd.,MUTHOOTFIN.NS
NATCO Pharma Ltd.,NATCOPHARM.NS
NBCC (India) Ltd.,NBCC.NS
NCC Ltd.,NCC.NS
NESCO Ltd.,NESCO.NS
NHPC Ltd.,NHPC.NS
NIIT Technologies Ltd.,NIITTECH.NS
NLC India Ltd.,NLCINDIA.NS
NMDC Ltd.,NMDC.NS
NTPC Ltd.,NTPC.NS
Narayana Hrudayalaya Ltd.,NH.NS
National Aluminium Co. Ltd.,NATIONALUM.NS
National Fertilizers Ltd.,NFL.NS
Nava Bharat Ventures Ltd.,NBVENTURES.NS
Navin Fluorine International Ltd.,NAVINFLUOR.NS
Network18 Media & Investments Ltd.,NETWORK18.NS
Nilkamal Ltd.,NILKAMAL.NS
Oberoi Realty Ltd.,OBEROIRLTY.NS
Oil & Natural Gas Corporation Ltd.,ONGC.NS
Oil India Ltd.,OIL.NS
Omaxe Ltd.,OMAXE.NS
Oracle Financial Services Software Ltd.,OFSS.NS
Orient Cement Ltd.,ORIENTCEM.NS
Orient Electric Ltd.,ORIENTELEC.NS
Oriental Bank of Commerce,ORIENTBANK.NS
PC Jeweller Ltd.,PCJEWELLER.NS
PI Industries Ltd.,PIIND.NS
PNB Housing Finance Ltd.,PNBHOUSING.NS
PNC Infratech Ltd.,PNCINFRA.NS
PTC India Ltd.,PTC.NS
PVR Ltd.,PVR.NS
Page Industries Ltd.,PAGEIND.NS
Parag Milk Foods Ltd.,PARAGMILK.NS
Persistent Systems Ltd.,PERSISTENT.NS
Petronet LNG Ltd.,PETRONET.NS
Pfizer Ltd.,PFIZER.NS
Phillips Carbon Black Ltd.,PHILIPCARB.NS
Phoenix Mills Ltd.,PHOENIXLTD.NS
Pidilite Industries Ltd.,PIDILITIND.NS
Piramal Enterprises Ltd.,PEL.NS
Power Finance Corporation Ltd.,PFC.NS
Power Grid Corporation of India Ltd.,POWERGRID.NS
Praj Industries Ltd.,PRAJIND.NS
Prestige Estates Projects Ltd.,PRESTIGE.NS
Prism Johnson Ltd.,PRSMJOHNSN.NS
Procter & Gamble Health Ltd.,PGHL.NS
Procter & Gamble Hygiene & Health Care Ltd.,PGHH.NS
Punjab National Bank,PNB.NS
Quess Corp Ltd.,QUESS.NS
RBL Bank Ltd.,RBLBANK.NS
REC Ltd.,RECLTD.NS
RITES Ltd.,RITES.NS
Radico Khaitan Ltd,RADICO.NS
Rain Industries Ltd,RAIN.NS
Rajesh Exports Ltd.,RAJESHEXPO.NS
Rallis India Ltd.,RALLIS.NS
Ramkrishna Forgings Ltd.,RKFORGE.NS
Rashtriya Chemicals & Fertilizers Ltd.,RCF.NS
Raymond Ltd.,RAYMOND.NS
Redington (India) Ltd.,REDINGTON.NS
Relaxo Footwears Ltd.,RELAXO.NS
Reliance Capital Ltd.,RELCAPITAL.NS
Reliance Communications Ltd.,RCOM.NS
Reliance Home Finance Ltd.,RHFL.NS
Reliance Industries Ltd.,RELIANCE.NS
Reliance Infrastructure Ltd.,RELINFRA.NS
Reliance Nippon Life Asset Management Ltd.,RNAM.NS
Reliance Power Ltd.,RPOWER.NS
Repco Home Finance Ltd.,REPCOHOME.NS
Rupa & Company Ltd.,RUPA.NS
S H Kelkar and Company Ltd.,SHK.NS
SBI Life Insurance Company Ltd.,SBILIFE.NS
SJVN Ltd.,SJVN.NS
SKF India Ltd.,SKFINDIA.NS
SREI Infrastructure Finance Ltd.,SREINFRA.NS
SRF Ltd.,SRF.NS
Sadbhav Engineering Ltd.,SADBHAV.NS
Sanofi India Ltd.,SANOFI.NS
Schaeffler India Ltd.,SCHAEFFLER.NS
Security and Intelligence Services (India) Ltd.,SIS.NS
Shankara Building Products Ltd.,SHANKARA.NS
Sharda Cropchem Ltd.,SHARDACROP.NS
Sheela Foam Ltd.,SFL.NS
Shilpa Medicare Ltd.,SHILPAMED.NS
Shipping Corporation of India Ltd.,SCI.NS
Shoppers Stop Ltd.,SHOPERSTOP.NS
Shree Cement Ltd.,SHREECEM.NS
Shree Renuka Sugars Ltd.,RENUKA.NS
Shriram City Union Finance Ltd.,SHRIRAMCIT.NS
Shriram Transport Finance Co. Ltd.,SRTRANSFIN.NS
Siemens Ltd.,SIEMENS.NS
Sintex Plastics Technology Ltd.,SPTL.NS
Sobha Ltd.,SOBHA.NS
Solar Industries India Ltd.,SOLARINDS.NS
Sonata Software Ltd.,SONATSOFTW.NS
South Indian Bank Ltd.,SOUTHBANK.NS
Star Cement Ltd.,STARCEMENT.NS
State Bank of India,SBIN.NS
Steel Authority of India Ltd.,SAIL.NS
Sterlite Technologies Ltd.,STRTECH.NS
Strides Pharma Science Ltd.,STAR.NS
Sudarshan Chemical Industries Ltd.,SUDARSCHEM.NS
Sun Pharma Advanced Research Company Ltd.,SPARC.NS
Sun Pharmaceutical Industries Ltd.,SUNPHARMA.NS
Sun TV Network Ltd.,SUNTV.NS
Sundaram Clayton Ltd.,SUNCLAYLTD.NS
Sundaram Finance Ltd.,SUNDARMFIN.NS
Sundram Fasteners Ltd.,SUNDRMFAST.NS
Sunteck Realty Ltd.,SUNTECK.NS
Suprajit Engineering Ltd.,SUPRAJIT.NS
Supreme Industries Ltd.,SUPREMEIND.NS
Suven Life Sciences Ltd.,SUVEN.NS
Suzlon Energy Ltd.,SUZLON.NS
Swan Energy Ltd.,SWANENERGY.NS
Symphony Ltd.,SYMPHONY.NS
Syndicate Bank,SYNDIBANK.NS
Syngene International Ltd.,SYNGENE.NS
TCNS Clothing Co. Ltd.,TCNSBRANDS.NS
TTK Prestige Ltd.,TTKPRESTIG.NS
TV Today Network Ltd.,TVTODAY.NS
TV18 Broadcast Ltd.,TV18BRDCST.NS
TVS Motor Company Ltd.,TVSMOTOR.NS
Take Solutions Ltd.,TAKE.NS
Tamil Nadu Newsprint & Papers Ltd.,TNPL.NS
Tata Chemicals Ltd.,TATACHEM.NS
Tata Coffee Ltd.,TATACOFFEE.NS
Tata Consultancy Services Ltd.,TCS.NS
Tata Elxsi Ltd.,TATAELXSI.NS
Tata Global Beverages Ltd.,TATAGLOBAL.NS
Tata Investment Corporation Ltd.,TATAINVEST.NS
Tata Motors Ltd DVR,TATAMTRDVR.NS
Tata Motors Ltd.,TATAMOTORS.NS
Tata Power Co. Ltd.,TATAPOWER.NS
Tata Steel Ltd.,TATASTEEL.NS
Teamlease Services Ltd.,TEAMLEASE.NS
Tech Mahindra Ltd.,TECHM.NS
The New India Assurance Company Ltd.,NIACL.NS
The Ramco Cements Ltd.,RAMCOCEM.NS
Thermax Ltd.,THERMAX.NS
Thomas Cook (India) Ltd.,THOMASCOOK.NS
Thyrocare Technologies Ltd.,THYROCARE.NS
Time Technoplast Ltd.,TIMETECHNO.NS
Timken India Ltd.,TIMKEN.NS
Titan Company Ltd.,TITAN.NS
Torrent Pharmaceuticals Ltd.,TORNTPHARM.NS
Torrent Power Ltd.,TORNTPOWER.NS
Trent Ltd.,TRENT.NS
Trident Ltd.,TRIDENT.NS
Triveni Turbine Ltd.,TRITURBINE.NS
Tube Investments of India Ltd.,TIINDIA.NS
UCO Bank,UCOBANK.NS
UFLEX Ltd.,UFLEX.NS
UPL Ltd.,UPL.NS
Ujjivan Financial Services Ltd.,UJJIVAN.NS
UltraTech Cement Ltd.,ULTRACEMCO.NS
Union Bank of India,UNIONBANK.NS
United Breweries Ltd.,UBL.NS
United Spirits Ltd.,MCDOWELL-N.NS
V-Guard Industries Ltd.,VGUARD.NS
V-Mart Retail Ltd.,VMART.NS
V.I.P. Industries Ltd.,VIPIND.NS
VRL Logistics Ltd.,VRLLOG.NS
VST Industries Ltd.,VSTIND.NS
Va Tech Wabag Ltd.,WABAG.NS
Vakrangee Ltd.,VAKRANGEE.NS
Vardhman Textiles Ltd.,VTL.NS
Varroc Engineering Ltd.,VARROC.NS
Varun Beverages Ltd.,VBL.NS
Vedanta Ltd.,VEDL.NS
Venky's (India) Ltd.,VENKEYS.NS
Vinati Organics Ltd.,VINATIORGA.NS
Vodafone Idea Ltd.,IDEA.NS
Voltas Ltd.,VOLTAS.NS
WABCO India Ltd.,WABCOINDIA.NS
Welspun Corp Ltd.,WELCORP.NS
Welspun India Ltd.,WELSPUNIND.NS
Whirlpool of India Ltd.,WHIRLPOOL.NS
Wipro Ltd.,WIPRO.NS
Wockhardt Ltd.,WOCKPHARMA.NS
Yes Bank Ltd.,YESBANK.NS
Zee Entertainment Enterprises Ltd.,ZEEL.NS
Zensar Technolgies Ltd.,ZENSARTECH.NS
Zydus Wellness Ltd.,ZYDUSWELL.NS
eClerx Services Ltd.,ECLERX.NS
